{
  "shared_item_grid": {
    "type": "array",
    "orientation": "vertical",
    "content": [
      {
        "type": "itemgrid",
        "h_alignment": "center",
		    "item_size": 29,
		    "margin": "0,0",
        "item_margin": "3,4",
        "rows": [
          [ "kokirisword", "shield", "magic", "wallet", "bottle2", "bottle1", "beans", "lens" ],
          [ "bow", "firearrow", "icearrow", "lightarrow", "hookshot", "bomb", "keg", "box" ],
        	[ "moontear", "deed1", "deed2", "deed3", "deed4", "roomkey", "letter", "deliverytomama" ],
          [ "healing_check", "epona_check", "storms_check", "oath_check", "sonata_check", "lullaby_check", "bossanova_check", "elegy_check" ],
          [ "deku", "goron", "zora", "", "woodfall", "snowhead", "greatbay", "stonetower" ],          
          [ "postman", "allnight", "blast", "keaton", "bremen", "bunny", "romanimask" ],
          [ "kafeimask", "couple", "mot", "kamaro", "gibdo" , "garo", "captain" ]
        ]
      },
   	  {
        "type": "array",
        "orientation": "vertical",
        "content": [
          {
            "type": "array",
            "orientation": "horizontal",
            "margin": "0,0",
            "content": [
	          ]
          },
          {
            "type": "array",
            "orientation": "horizontal",
            "margin": "0,0",
            "content": [
	          ]
          }
        ]
      }
    ]
  },
  "tracker_capture_item": {
		"type": "container",
		"content": {
			"type": "itemgrid",
			"dropshadow": true,
			"h_alignment": "center",
			"item_margin": "3,4",
			"rows": [
				[
				  "bownoammo",
				  "hookshot",
				  "bombsnoammo",
				  "bombchu",
				  "keg",
				  "giantwallet_static"
				],
				[
				  "razorsword",
				  "gildedsword",
				  "shield_static",
				  "mirror_static",
				  "purple_rupee",
				  "silver_rupee"
				],
				[
				  "woodfall_small_keys_static",
				  "snowhead_small_keys_static",
				  "greatbay_small_keys_static",
				  "stonetower_small_keys_static",
				  "roomkey",
				  "deliverytomama"
				],
				[
				  "woodfall_boss_key_static",
				  "snowhead_boss_key_static",
				  "greatbay_boss_key_static",
				  "stonetower_boss_key_static",
				  "letter",
				  "pendant"
				],
				[
				  "beans",
				  "moontear",
				  "deed1",
				  "deed2",
				  "deed3",
				  "deed4"
				],
				[
				  "golddust_static",
				  "bigpoe_static",
				  "zoraegg_static",
				  "dekuprincess_static",
				  "redpotion_static",
				  "hotspringwater_static"
				]
			]
		}
  }
}
