{
  "tracker_default": {
    "type": "container",
    "background": "#212121",
    "content": {
      "type": "dock",
      "dropshadow": true,
      "content": [
        {
          "type": "dock",
          "dock": "left",
          "v_alignment": "stretch",
          "margin": "0,0,3,0",
          "content": [
            {
              "type": "group",
              "header": "Items",
              "dock": "top",
              "content": {
                "type": "layout",
                "key": "shared_item_grid"
              }
            },
            
            
            {
              "type": "group",
              "header": "Pinned Locations",
              "margin": "0,0,0,0",
              "content": {
                "type": "recentpins",
                "style": "wrap",
                "orientation": "horizontal",
                "compact": true
              }
            }
          ]
        },
        {
          "type": "dock",
          "content": [
            {
              "type": "map",
              "dock": "top",
              "max_height": 720,
              "map": [
                "termina"
              ]
            },
            
          ]
        }
      ]
    }
  }
}